CMS,88
@CMSGov,11
ACC,10
@MedAxiom,10
Archway Academy,9
@ArchwayHealth,8
CJR,8
Success,7
@modrnhealthcr,7
@MedAxiom &amp,6
Remedy Partners,5
NCDR,5
APM,4
GM,4
CareRedesign Strategies to Drive Success,4
Archway Health,4
Healthcare,4
TKA,4
Convener,4
Signature Care Management,3
@CHAHPMedCenter,3
CMO,3
Hollywood Presbyterian Medical Center,3
Fred Bentley &amp,3
&gt;&gt,3
Real-Time Reporting,3
Darcie Hurteau,3
Enable High Value,3
Quality Measures,3
Join DataGen’s,3
Episodes of Care,3
BCPI,3
Learn how Remedy Partners,3
SVP,3
Insights,2
Value-Based Care,2
TKR,2
@JAMA_current ,2
NY &amp,2
CHA,2
@Cerner,2
TODAY,2
@Avantgarde,2
Educate Providers,2
@HC_Finance,2
Join Hall Render,2
Keely Macmillan (@ArchwayHealth,2
HealthLoop,2
Noon-1 p.m. ET,2
ED,2
Proven Technology,2
VizientWebinar,2
Care Redesign Strategies to Drive Success,2
TrustedAdvisor,2
PaymentReform,2
the Signature Care Management,2
N.J Learn,2
Benefit Strategies,2
@CathieBiga &amp,2
Join @CathieBiga &amp,2
Q&amp;A. Register,2
Clarify Health,2
Archway Health Introduces Archway Academy,2
Medicaid Services CMS,2
Hospital Medicine,2
Clinical Episodes,1
Means for Health Systems,1
ET,1
Patient Tracking,1
New Physician Payment Rules - Register,1
"Care Redesign Strategies to Drive 
Success",1
’m,1
Board Chair,1
CIO,1
Capitol Hill,1
HatchWaxman,1
Health Dimensions Group,1
@cci_health,1
Value Based Care,1
@Sg2HealthCare,1
Clarify,1
MS-DRG,1
Michel Wisener,1
Analytics,1
CDI,1
Keely Macmillan,1
Medicaid Services,1
ICS,1
Corpus Christi &amp,1
the Health Business Group,1
@Sg2Healthcare,1
JD,1
PDMP,1
AMGA,1
@mktooley,1
New Insight,1
Thurs,1
CardiologyMag,1
Archway Analytics,1
Ezekiel Emanuel,1
the APM Framework,1
Payment Policy Waivers,1
@NorthwesternMed’s,1
SimplyVital Health,1
SCOTUS,1
3PM ET,1
PGP,1
Clinical Strategies for Success,1
AAPM,1
HealthCare Business News,1
DC &amp,1
Episode Initiator,1
Afford,1
Award-Winning Platform,1
@Froedtert,1
SimplyVital Health &amp,1
Post-Acute,1
Health,1
Telehealth,1
CareMOSAIC,1
@MidwestAAOE,1
Diagnostic Tool,1
Clinical Solutions,1
CM’s,1
Join @ArchwayHealth's,1
Join ACC's,1
DYK,1
@RemedyPartners,1
2:00PM ET,1
@HiltonRiverside,1
@CMSinnovates,1
@BKDHC,1
Care Coordination Episode Profiler,1
Post-Acute Care Management,1
Participation Agreements,1
ACA,1
Centers,1
Healthcare Strategy Analyst,1
@MediAxiom &amp,1
@ManagedCareMag,1
the Continuing Care Program,1
Chilmark Research,1
@ArchwayHealth’s,1
COO,1
Stryker Performance Solutions,1
Insight,1
CostSavings,1
@PremierHA,1
Orlando Health Central Hospital NeuroSpine Center of Excellence,1
Catch,1
VBC,1
Medicaid Innovation's,1
ConnectingCare,1
the Open Door Forum CMS,1
Tools and Practice Support,1
Providers Begin,1
AAHKS,1
TrustedAdvisors,1
@hfmaorg,1
Committee,1
Sandoz,1
Noon,1
New Opportunities in Outpatient Bundles,1
@AskHMSA,1
Fusion5,1
’s Center,1
PhD,1
@WinWhitcomb,1
HeartTalk,1
Amgen,1
PGP’s,1
⏰Interested,1
TUES,1
@AmolNavathe &amp,1
TOA,1
@SignatureMedGrp,1
the Louisiana Orthopaedic Association Conference,1
Gina Bruno &amp,1
CCMC,1
’s,1
Learn,1
CareMOSAIC Advanced,1
&amp,1
"@ArchwayHealth, @RemedyPartners",1
Navigant’s Donna Cameron &amp,1
Providers Need,1
HealthLaw,1
naviHealth’s,1
Masson #Spine Institute,1
IPO,1
GA,1
AZ,1
the @AcademyHealth National Health Policy Conference,1
the Society of Hospital Medicine,1
Value Based Payments,1
FACC,1
the Application Process,1
New Physician Payment Rules,1
World Health Care Congress,1
AAOS First,1
WednesdayWebinar,1
AAOE,1
@CJR,1
@BeckersHR Annual Meeting,1
Medicaid Innovation,1
Afintas,1
8:15am,1
NON,1
PopHealth &amp,1
Post-Discharge Home Visit,1
Principal Jim Reilly &amp,1
Remedy Partners Founder,1
HORNE Healthcare,1
CV Administrator,1
